,precision,recall,f1-score,support
0,1.0,1.0,1.0,11.0
1,1.0,0.9090909090909091,0.9523809523809523,11.0
2,0.8888888888888888,1.0,0.9411764705882353,8.0
avg / total,0.9703703703703703,0.9666666666666667,0.9668534080298786,30.0
